author,author_profile_url,date_of_review,image_num,num_of_comments,pageURL,rating,review_content,title,verified,votes_helpful,ranking,helpful_votes,total_review,visibility_status
T. Downing,/gp/profile/amzn1.account.AHKJZ4IPIKVEHOGWF4HGTPPEPSQA/ref=cm_cr_arp_d_gw_btm?ie=UTF8,"Reviewed in the United States on August 31, 2019",0,,https://www.amazon.com/DiGiorno-Frozen-Pepperoni-Family-Pizzeria/product-reviews/B00BEE68Y8/ref=cm_cr_dp_d_show_all_btm?ie=UTF8&reviewerType=all_reviews,3.0 out of 5 stars,"If you like a loaf of bread with toppings, this is for you.  If you actually want to be able to taste the toppings, consider finding something else.","To  much bread, not enough toppings.",Verified Purchase,7 people found this helpful,265349,152,140,Public
iLuvAmazon,/gp/profile/amzn1.account.AFJDMFNTNHAXSOEFQTYJBZ3GC3JA/ref=cm_cr_arp_d_gw_btm?ie=UTF8,"Reviewed in the United States on October 24, 2020",0,,https://www.amazon.com/DiGiorno-Frozen-Pepperoni-Family-Pizzeria/product-reviews/B00BEE68Y8/ref=cm_cr_dp_d_show_all_btm?ie=UTF8&reviewerType=all_reviews,5.0 out of 5 stars,I had this a few times. I tried to cook it a little longer one time and it wasn't any better. It's better to cook this as directed and have that softer hand tossed crust. The pizza sauce has a real good fresh taste that is better than the other DiGiorno offerings. The pepperoni also is tasty and seems to be fresh as well. I like DiGiorno pizzas because they're real easy to cook and don't make a mess in your oven.,Really Good Pizza,Verified Purchase,One person found this helpful,18272,454,508,Public
Diva2001a,/gp/profile/amzn1.account.AFEJ525BL7V2HPSE2B3PZT6HCQBQ/ref=cm_cr_arp_d_gw_btm?ie=UTF8,"Reviewed in the United States on September 4, 2020",0,,https://www.amazon.com/DiGiorno-Frozen-Pepperoni-Family-Pizzeria/product-reviews/B00BEE68Y8/ref=cm_cr_dp_d_show_all_btm?ie=UTF8&reviewerType=all_reviews,5.0 out of 5 stars,"This is still a very thick crust pizza it‚Äôs just dryer than the average Giorno crust. I do like it better than the other digiornopizzas, but it‚Äôs still rises and is really thick it‚Äôs not like a hand  tossed pizza",Still a thick crust,Verified Purchase,2 people found this helpful,30488,222,358,Public
LaMarie,/gp/profile/amzn1.account.AERQXSCVV26P6LJJKNBGY4SHOWVQ/ref=cm_cr_arp_d_gw_btm?ie=UTF8,"Reviewed in the United States on June 3, 2021",0,,https://www.amazon.com/DiGiorno-Frozen-Pepperoni-Family-Pizzeria/product-reviews/B00BEE68Y8/ref=cm_cr_dp_d_show_all_btm?ie=UTF8&reviewerType=all_reviews,5.0 out of 5 stars,"Great quality crust and good flavor! Could use a bit more cheese, but it still puts all the trash pizzerias in my neighborhood to epic shame lol. Will be purchasing again. Hope there are more flavors to come!","Uh, YUM!",Verified Purchase,One person found this helpful,3362621,12,37,Public
Adam Shroyer,/gp/profile/amzn1.account.AHW2CP65AIVXKGQPKYBYZCG4EPKQ/ref=cm_cr_arp_d_gw_btm?ie=UTF8,"Reviewed in the United States on April 18, 2021",0,,https://www.amazon.com/DiGiorno-Frozen-Pepperoni-Family-Pizzeria/product-reviews/B00BEE68Y8/ref=cm_cr_dp_d_show_all_btm?ie=UTF8&reviewerType=all_reviews,2.0 out of 5 stars,"Normally I like digiornos pizzas. The rising crust original one is great. The thin crust is also fantastic, probably my fave of theirs. I expected this to be more of a NY style crust. Hand tossed? This is thick and pillowy. Which is fine if that‚Äôs what you‚Äôre looking for. I wanted a thinner crust. Someone doesn‚Äôt know what hand tossed is. Not sure if it‚Äôs me or DiGiorno. üòÇ","Just ok, but not hand tossed crust.",Verified Purchase,,6554504,1,22,Public
AS,/gp/profile/amzn1.account.AEGXLNMFBDSAUVCOTQFKBHZZMNFA/ref=cm_cr_arp_d_gw_btm?ie=UTF8,"Reviewed in the United States on September 9, 2020",0,,https://www.amazon.com/DiGiorno-Frozen-Pepperoni-Family-Pizzeria/product-reviews/B00BEE68Y8/ref=cm_cr_dp_d_show_all_btm?ie=UTF8&reviewerType=all_reviews,5.0 out of 5 stars,"I had nearly given up on frozen pizza until I came across a rating by Cook's Illustrated. It was listed as number 1 for supermarket frozen pizza, so that's why I was willing to give it a shot. I'm glad I did. It's really quite good for store-bought pizza. It's actually better than pizza shops in my area (818 area code), so I'd say it's worth buying.",Good frozen pizza as rated by Cook's Illustrated,Verified Purchase,,385256,76,143,Public
PickaWinner,/gp/profile/amzn1.account.AHV3IIAWWDHQLKCRDRIFESOGFPPA/ref=cm_cr_arp_d_gw_btm?ie=UTF8,"Reviewed in the United States on February 21, 2021",0,,https://www.amazon.com/DiGiorno-Frozen-Pepperoni-Family-Pizzeria/product-reviews/B00BEE68Y8/ref=cm_cr_dp_d_show_all_btm?ie=UTF8&reviewerType=all_reviews,3.0 out of 5 stars,"A lot thicker crust bit no taste. I like other varieties like rising crust. Not bad,  not as much toppings.",Not Bad. Not Great!,Verified Purchase,One person found this helpful,311801,289,108,Public
SPINNER,/gp/profile/amzn1.account.AHVCPOUSAAHGUE6TUS3H2AT47EOA/ref=cm_cr_arp_d_gw_btm?ie=UTF8,"Reviewed in the United States on September 6, 2020",0,,https://www.amazon.com/DiGiorno-Frozen-Pepperoni-Family-Pizzeria/product-reviews/B00BEE68Y8/ref=cm_cr_dp_d_show_all_btm?ie=UTF8&reviewerType=all_reviews,5.0 out of 5 stars,The best in house takeout style pizza! Prefer this style over their others,Perfect,Verified Purchase,One person found this helpful,1112449,17,61,Public
alyssa,/gp/profile/amzn1.account.AFMOWN5XO6AOXSBICJY7JIBBO3PQ/ref=cm_cr_arp_d_gw_btm?ie=UTF8,"Reviewed in the United States on April 8, 2021",0,,https://www.amazon.com/DiGiorno-Frozen-Pepperoni-Family-Pizzeria/product-reviews/B00BEE68Y8/ref=cm_cr_dp_d_show_all_btm?ie=UTF8&reviewerType=all_reviews,3.0 out of 5 stars,"If you're looking for mostly bread in your pizza, you've found it. Tasted good just too much dough for me lol like an inch thick.",Too much bread,Verified Purchase,,1496675,9,57,Public
DCF'er,/gp/profile/amzn1.account.AHU3ROQXDZVSC76IB4V5V42UHCTQ/ref=cm_cr_arp_d_gw_btm?ie=UTF8,"Reviewed in the United States on July 6, 2020",0,,https://www.amazon.com/DiGiorno-Frozen-Pepperoni-Family-Pizzeria/product-reviews/B00BEE68Y8/ref=cm_cr_dp_d_show_all_btm?ie=UTF8&reviewerType=all_reviews,4.0 out of 5 stars,Good quality pizza and the same as the local supermarket. Same price as the local supermarket.,Good frozen pizza,Verified Purchase,,1311222,12,62,Public
QJat Tarantino,/gp/profile/amzn1.account.AESOOM24OB6YTYKZ5FJE6UCKLQ6A/ref=cm_cr_arp_d_gw_btm?ie=UTF8,"Reviewed in the United States on January 31, 2021",0,,https://www.amazon.com/DiGiorno-Frozen-Pepperoni-Family-Pizzeria/product-reviews/B00BEE68Y8/ref=cm_cr_arp_d_paging_btm_2?ie=UTF8&pageNumber=2&reviewerType=all_reviews,4.0 out of 5 stars,so i tried it was good i ate the whole thing in one sitting,it was on sale,Verified Purchase,,84475811,26,90,Public
B,/gp/profile/amzn1.account.AHTO23VBN6PF7VANXJ4C32AYRIHA/ref=cm_cr_arp_d_gw_btm?ie=UTF8,"Reviewed in the United States on July 12, 2019",0,,https://www.amazon.com/DiGiorno-Frozen-Pepperoni-Family-Pizzeria/product-reviews/B00BEE68Y8/ref=cm_cr_arp_d_paging_btm_2?ie=UTF8&pageNumber=2&reviewerType=all_reviews,5.0 out of 5 stars,This stuff is addictive!,Can't buy just one.,Verified Purchase,One person found this helpful,182329,84,140,Public
Rc Pch,/gp/profile/amzn1.account.AGYF3JWOZ4JYSBNRWFTYNHOMCGLQ/ref=cm_cr_arp_d_gw_btm?ie=UTF8,"Reviewed in the United States on March 29, 2021",0,,https://www.amazon.com/DiGiorno-Frozen-Pepperoni-Family-Pizzeria/product-reviews/B00BEE68Y8/ref=cm_cr_arp_d_paging_btm_2?ie=UTF8&pageNumber=2&reviewerType=all_reviews,3.0 out of 5 stars,Ok for box pizza.  Kid's didn't like it to much.,Kid's Hated it.  Grown ups said it was o.k.,Verified Purchase,,87951,63,310,Public
Michael,/gp/profile/amzn1.account.AGI4JBA5CEE2JJBXEK5WYXMERVFQ/ref=cm_cr_arp_d_gw_btm?ie=UTF8,"Reviewed in the United States on December 1, 2020",0,,https://www.amazon.com/DiGiorno-Frozen-Pepperoni-Family-Pizzeria/product-reviews/B00BEE68Y8/ref=cm_cr_arp_d_paging_btm_2?ie=UTF8&pageNumber=2&reviewerType=all_reviews,5.0 out of 5 stars,it taste good a little thin for my normal like,was good,Verified Purchase,,3139393,2,64,Public
CATHERINE ANN GALLOWAY,/gp/profile/amzn1.account.AGJTZ2UECEV664RH4X2L3YIP4YIA/ref=cm_cr_arp_d_gw_btm?ie=UTF8,"Reviewed in the United States on April 10, 2021",0,,https://www.amazon.com/DiGiorno-Frozen-Pepperoni-Family-Pizzeria/product-reviews/B00BEE68Y8/ref=cm_cr_arp_d_paging_btm_2?ie=UTF8&pageNumber=2&reviewerType=all_reviews,5.0 out of 5 stars,Ugh!  Wouldn‚Äôt bake like I like it.  Ssuce rates ‚Äú0‚Äù.Bready.,Bread-y.,Verified Purchase,,83325834,2,26,Public
So.Cal Mom,/gp/profile/amzn1.account.AERHW4VVNBXYYRYNC2QNKVMOWSBA/ref=cm_cr_arp_d_gw_btm?ie=UTF8,"Reviewed in the United States on March 15, 2021",0,,https://www.amazon.com/DiGiorno-Frozen-Pepperoni-Family-Pizzeria/product-reviews/B00BEE68Y8/ref=cm_cr_arp_d_paging_btm_2?ie=UTF8&pageNumber=2&reviewerType=all_reviews,5.0 out of 5 stars,Love it,Perfect,Verified Purchase,,65535,164,122,Public
Onlyme,/gp/profile/amzn1.account.AF2BAZJ236TJLOXO2KP25QETWF4Q/ref=cm_cr_arp_d_gw_btm?ie=UTF8,"Reviewed in the United States on September 17, 2020",0,,https://www.amazon.com/DiGiorno-Frozen-Pepperoni-Family-Pizzeria/product-reviews/B00BEE68Y8/ref=cm_cr_arp_d_paging_btm_2?ie=UTF8&pageNumber=2&reviewerType=all_reviews,5.0 out of 5 stars,Taste great,Buy it,Verified Purchase,,59588,147,192,Public
mayelin garcia,/gp/profile/amzn1.account.AG3IDLS7PGBE77CLQ7WTINM4OSYA/ref=cm_cr_arp_d_gw_btm?ie=UTF8,"Reviewed in the United States on January 1, 2021",0,,https://www.amazon.com/DiGiorno-Frozen-Pepperoni-Family-Pizzeria/product-reviews/B00BEE68Y8/ref=cm_cr_arp_d_paging_btm_2?ie=UTF8&pageNumber=2&reviewerType=all_reviews,5.0 out of 5 stars,My kid love it.,Delicious!!,Verified Purchase,,422542,105,23,Public
Lord High Commander,/gp/profile/amzn1.account.AFPOUQSVTY6Q2TTXZGAFWHNBTKIQ/ref=cm_cr_arp_d_gw_btm?ie=UTF8,"Reviewed in the United States on April 4, 2021",0,,https://www.amazon.com/DiGiorno-Frozen-Pepperoni-Family-Pizzeria/product-reviews/B00BEE68Y8/ref=cm_cr_arp_d_paging_btm_2?ie=UTF8&pageNumber=2&reviewerType=all_reviews,5.0 out of 5 stars,Needs a lick of salt. Otherwise perfect!,Great!,Verified Purchase,,3382866,6,15,Public
Mike,/gp/profile/amzn1.account.AFEHDQQ6A74GNP2L6TIVYBPLB7VQ/ref=cm_cr_arp_d_gw_btm?ie=UTF8,"Reviewed in the United States on May 13, 2019",0,,https://www.amazon.com/DiGiorno-Frozen-Pepperoni-Family-Pizzeria/product-reviews/B00BEE68Y8/ref=cm_cr_arp_d_paging_btm_2?ie=UTF8&pageNumber=2&reviewerType=all_reviews,5.0 out of 5 stars,Great!,one of DiGorno's best pizzas,Verified Purchase,,32717256,2,4,Public
CRAIG  SCHROCK,/gp/profile/amzn1.account.AFBUY32KBSKL4RFWQESFSHMDDMKA/ref=cm_cr_arp_d_gw_btm?ie=UTF8,"Reviewed in the United States on March 2, 2021",0,,https://www.amazon.com/DiGiorno-Frozen-Pepperoni-Family-Pizzeria/product-reviews/B00BEE68Y8/ref=cm_cr_arp_d_paging_btm_3?ie=UTF8&pageNumber=3&reviewerType=all_reviews,5.0 out of 5 stars,"I love digorno pizza, it's the only one I buy. Sometimes pizza hut or domino'sThe pizzas have the right amount on them and taste great. I keep 3 to 6 in my freezer for guest in my home.",Great pizza taste,,,450162,54,48,Public
Queen Cunningham Rose,/gp/profile/amzn1.account.AF5GHAOSEKG42JJNUKRIVILVWTNA/ref=cm_cr_arp_d_gw_btm?ie=UTF8,"Reviewed in the United States on January 5, 2020",0,,https://www.amazon.com/DiGiorno-Frozen-Pepperoni-Family-Pizzeria/product-reviews/B00BEE68Y8/ref=cm_cr_arp_d_paging_btm_3?ie=UTF8&pageNumber=3&reviewerType=all_reviews,5.0 out of 5 stars,We love this pizza.  It is absolutely a great tasting pizza.  We don't buy any other than this.,Delicious.,Verified Purchase,One person found this helpful,697470,30,94,Public
Carmelita Wright,/gp/profile/amzn1.account.AEOEVZGOFJN7W6ECMS6X4DK7XVQA/ref=cm_cr_arp_d_gw_btm?ie=UTF8,"Reviewed in the United States on August 19, 2020",0,,https://www.amazon.com/DiGiorno-Frozen-Pepperoni-Family-Pizzeria/product-reviews/B00BEE68Y8/ref=cm_cr_arp_d_paging_btm_3?ie=UTF8&pageNumber=3&reviewerType=all_reviews,5.0 out of 5 stars,This pizza was so delicious! To say it is a frozen pizza you would think that you purchased it from a restaurant. It was really good!,This pizza is delicious!,Verified Purchase,,714937,17,45,Public
